1.3.1.9,0
2.3.1.255,1
3.6.3.16,2
3.1.1.78,3
6.3.2.27,4
3.5.4.36,5
6.3.5.2,6
4.2.1.113,7
1.5.1.45,8
1.1.1.26,9
3.6.3.31,10
3.4.24.-,11
2.4.1.208,12
3.4.24.86,13
4.2.1.152,14
1.1.1.335,15
2.1.1.43,16
1.10.3.10,17
2.7.1.177,18
3.4.11.25,19
4.1.1.8,20
4.99.1.11,21
6.3.4.3,22
6.3.4.4,23
1.14.15.14,24
4.3.99.-,25
2.3.1.117,26
3.4.23.49,27
6.4.1.5,28
2.4.1.80,29
2.7.1.66,30
1.3.1.42,31
2.7.7.7,32
1.2.1.54,33
2.7.1.95,34
2.7.4.25,35
4.1.1.74,36
1.5.1.33,37
1.1.1.132,38
1.14.15.29,39
2.3.1.157,40
2.7.1.-,41
6.1.1.7,42
2.1.1.264,43
3.1.1.68,44
3.1.2.28,45
6.3.1.-,46
3.5.1.89,47
3.1.1.75,48
5.2.1.4,49
3.5.1.42,50
2.8.1.9,51
2.7.1.172,52
4.2.2.7,53
2.7.11.12,54
5.6.1.7,55
1.1.3.46,56
4.3.1.16,57
1.6.3.-,58
5.3.1.12,59
1.5.3.19,60
1.14.13.38,61
5.4.3.2,62
1.1.1.310,63
2.4.1.4,64
1.4.1.16,65
1.13.11.5,66
2.4.1.129,67
3.1.3.27,68
1.5.1.36,69
1.5.98.1,70
2.5.1.75,71
1.2.2.1,72
1.14.19.41,73
1.15.1.1,74
1.5.-.-,75
3.4.13.-,76
5.4.2.9,77
3.5.99.5,78
3.1.1.88,79
1.12.7.2,80
4.1.2.42,81
2.4.1.182,82
1.3.1.-,83
2.7.1.17,84
5.3.1.28,85
2.7.8.11,86
1.16.1.3,87
3.6.1.-,88
4.5.1.3,89
2.7.1.151,90
4.1.1.75,91
1.1.1.23,92
3.13.1.9,93
2.4.2.29,94
4.2.1.84,95
3.4.21.5,96
3.4.24.75,97
4.4.1.11,98
3.4.25.2,99
4.2.1.68,100
6.3.4.21,101
1.14.99.36,102
2.8.3.9,103
2.1.1.179,104
1.1.5.13,105
3.6.1.57,106
2.6.1.113,107
3.2.1.42,108
1.2.1.19,109
5.1.3.23,110
2.7.11.17,111
5.4.99.23,112
4.4.1.16,113
1.4.1.23,114
1.2.4.1,115
2.3.1.9,116
2.1.1.186,117
1.5.5.1,118
1.14.13.227,119
2.7.10.-,120
2.7.8.42,121
5.6.1.6,122
2.8.3.15,123
4.3.1.18,124
2.3.1.247,125
4.3.1.28,126
4.2.3.121,127
3.4.17.19,128
6.3.5.10,129
1.1.1.328,130
1.1.1.363,131
2.3.1.193,132
3.4.14.1,133
3.4.14.12,134
1.1.1.394,135
1.1.5.4,136
3.6.1.26,137
1.2.1.21,138
3.4.17.18,139
3.4.24.64,140
2.7.7.53,141
2.3.1.89,142
2.5.1.16,143
2.7.11.31,144
2.4.2.7,145
5.1.3.8,146
5.5.1.6,147
1.1.1.205,148
2.1.1.189,149
3.4.23.43,150
3.6.1.28,151
1.14.13.171,152
2.8.3.18,153
1.4.99.-,154
2.5.1.151,155
2.5.1.41,156
3.4.24.59,157
5.1.99.8,158
4.1.2.50,159
1.10.3.14,160
2.7.1.92,161
2.7.7.3,162
2.7.1.28,163
3.1.1.17,164
2.7.11.19,165
3.1.13.4,166
4.2.3.115,167
2.8.3.17,168
4.1.1.21,169
2.7.4.23,170
4.2.3.4,171
4.3.2.8,172
2.7.8.24,173
1.14.13.67,174
3.6.1.8,175
3.1.26.-,176
2.6.1.45,177
3.5.4.2,178
1.13.11.58,179
2.4.1.157,180
4.6.1.-,181
3.1.4.12,182
2.5.1.89,183
1.14.11.39,184
2.3.1.245,185
2.1.1.314,186
2.3.1.12,187
1.3.1.14,188
2.1.1.45,189
2.4.1.44,190
2.7.7.23,191
5.1.1.10,192
5.3.3.6,193
3.1.3.8,194
1.11.1.15,195
2.5.1.49,196
1.2.1.-,197
4.2.1.59,198
1.14.11.16,199
6.3.4.23,200
2.1.1.242,201
1.1.1.201,202
2.4.2.8,203
2.8.1.12,204
1.5.1.6,205
4.2.3.73,206
4.2.3.111,207
2.3.1.159,208
3.4.22.54,209
2.1.1.177,210
1.1.99.13,211
2.4.2.2,212
2.1.1.85,213
4.2.1.47,214
2.7.3.-,215
3.4.22.60,216
3.4.22.10,217
1.3.-.-,218
3.1.3.5,219
4.1.1.5,220
2.3.1.76,221
3.1.6.2,222
2.4.1.276,223
3.5.3.1,224
2.5.1.26,225
4.4.1.4,226
2.7.7.47,227
3.4.21.62,228
3.4.21.66,229
2.3.1.84,230
4.2.1.17,231
3.4.23.18,232
4.1.2.29,233
6.2.1.5,234
1.3.99.28,235
1.6.6.9,236
4.2.1.44,237
7.1.1.1,238
4.1.3.27,239
3.4.22.37,240
4.1.2.57,241
3.1.1.4,242
4.1.1.97,243
3.1.5.-,244
2.1.1.200,245
2.4.1.290,246
1.14.11.7,247
3.5.1.81,248
3.2.1.23,249
2.6.1.19,250
4.1.99.16,251
4.2.2.12,252
3.4.21.69,253
4.1.1.96,254
6.3.1.12,255
2.2.1.6,256
1.17.99.7,257
1.3.98.3,258
3.1.3.31,259
4.3.3.6,260
1.14.13.128,261
3.4.22.2,262
2.7.4.27,263
2.6.1.109,264
3.1.1.106,265
3.2.2.1,266
1.13.12.4,267
3.8.1.7,268
3.1.26.11,269
3.4.23.34,270
3.6.3.3,271
1.1.3.6,272
1.1.1.47,273
1.11.1.25,274
3.5.3.3,275
1.14.16.4,276
3.6.1.42,277
1.5.1.2,278
1.5.1.29,279
3.2.1.49,280
2.1.1.13,281
4.1.1.33,282
1.3.5.2,283
3.7.1.17,284
1.1.99.22,285
2.7.7.65,286
2.7.7.40,287
6.3.3.2,288
1.1.2.4,289
1.1.1.60,290
3.5.1.97,291
5.1.3.18,292
4.1.3.38,293
1.13.12.3,294
4.4.1.13,295
2.5.1.55,296
2.3.1.235,297
2.6.1.87,298
3.6.3.29,299
1.2.1.5,300
3.1.2.22,301
1.10.3.9,302
6.1.1.23,303
1.1.1.77,304
2.5.1.1,305
6.2.1.32,306
6.1.-.-,307
4.2.2.3,308
4.2.3.116,309
1.7.2.2,310
1.3.3.4,311
1.2.1.12,312
2.3.1.197,313
1.1.1.56,314
1.2.7.3,315
2.4.2.21,316
2.7.1.74,317
2.4.2.28,318
1.1.1.355,319
2.1.1.234,320
1.14.13.225,321
4.1.1.112,322
3.1.2.6,323
3.4.13.19,324
4.2.1.132,325
2.5.1.147,326
2.3.1.19,327
5.3.1.16,328
1.2.1.20,329
4.6.1.18,330
1.8.5.3,331
3.4.14.-,332
1.3.1.98,333
3.3.2.6,334
3.2.2.16,335
3.5.2.17,336
2.7.1.127,337
7.2.1.1,338
2.6.99.2,339
5.1.2.2,340
2.7.9.3,341
3.2.1.98,342
3.5.4.43,343
5.3.3.21,344
3.5.1.116,345
1.1.1.215,346
2.3.2.1,347
3.5.2.18,348
1.1.1.340,349
2.4.1.54,350
5.4.99.22,351
1.14.13.49,352
2.7.11.27,353
1.3.8.10,354
7.4.2.4,355
1.3.1.25,356
2.1.1.151,357
1.3.99.16,358
2.1.1.98,359
6.1.1.3,360
4.1.1.18,361
2.7.13.-,362
2.1.1.107,363
5.1.1.17,364
1.7.2.5,365
3.1.3.84,366
2.3.1.267,367
2.6.1.97,368
4.2.1.148,369
5.4.99.5,370
4.2.1.40,371
1.11.1.11,372
1.1.99.32,373
3.2.1.35,374
5.3.1.17,375
2.7.4.9,376
3.5.1.135,377
2.4.1.152,378
5.1.3.7,379
3.2.1.165,380
4.2.1.106,381
3.1.1.72,382
1.3.1.33,383
1.6.3.5,384
1.8.99.1,385
2.6.1.73,386
1.1.1.53,387
1.1.1.105,388
1.14.14.151,389
2.7.1.6,390
3.2.2.n1,391
4.1.1.23,392
7.4.2.8,393
1.1.1.362,394
4.1.1.83,395
2.8.2.20,396
2.8.1.8,397
1.14.13.195,398
3.1.3.12,399
2.6.1.106,400
1.14.15.21,401
3.5.99.7,402
1.10.2.2,403
2.3.1.182,404
6.1.1.12,405
3.4.24.24,406
5.1.2.7,407
1.1.1.388,408
3.7.1.5,409
1.14.19.70,410
3.1.3.22,411
2.4.1.252,412
3.5.3.15,413
3.5.2.1,414
2.3.3.10,415
1.14.15.7,416
1.14.11.-,417
1.14.11.55,418
1.14.11.2,419
1.3.99.33,420
3.4.24.77,421
3.4.21.88,422
2.1.1.210,423
1.2.1.62,424
1.1.1.108,425
1.5.8.4,426
1.14.14.11,427
4.2.3.25,428
2.7.7.48,429
1.12.1.3,430
2.1.2.13,431
1.13.11.4,432
1.1.1.7,433
4.1.99.18,434
2.1.1.229,435
1.2.1.58,436
2.1.3.3,437
2.5.1.131,438
3.4.11.-,439
2.7.7.8,440
2.1.1.213,441
3.2.2.21,442
1.14.12.13,443
3.4.23.20,444
2.1.1.220,445
6.2.1.64,446
2.1.1.74,447
2.7.1.189,448
2.1.1.197,449
2.7.8.8,450
1.14.19.69,451
4.2.1.10,452
5.1.3.26,453
2.3.2.2,454
2.7.7.12,455
2.1.1.57,456
6.3.2.13,457
3.2.1.103,458
2.1.4.1,459
3.2.1.20,460
5.1.99.4,461
5.1.3.15,462
5.2.1.8,463
4.1.3.30,464
3.5.1.46,465
1.1.1.283,466
4.2.1.51,467
2.7.9.4,468
2.7.1.168,469
1.10.9.1,470
2.3.2.24,471
2.6.1.99,472
2.4.2.41,473
1.3.1.94,474
3.2.1.51,475
1.12.98.2,476
4.2.2.9,477
1.14.13.200,478
3.5.3.4,479
3.1.27.6,480
2.4.2.6,481
2.7.10.2,482
1.1.1.169,483
5.4.99.-,484
3.2.1.97,485
2.7.1.67,486
3.4.24.57,487
1.2.1.84,488
3.11.1.1,489
5.5.1.4,490
6.2.1.23,491
1.7.2.3,492
2.1.1.173,493
1.4.3.16,494
3.4.21.-,495
4.1.3.42,496
1.5.8.2,497
3.4.17.14,498
2.3.3.1,499
2.1.1.329,500
1.-.-.-,501
1.7.2.4,502
3.1.4.46,503
2.7.11.33,504
1.5.1.25,505
2.1.4.2,506
3.2.1.25,507
1.1.2.7,508
3.3.2.9,509
4.2.1.18,510
2.5.1.77,511
1.13.11.51,512
2.3.1.158,513
3.1.3.6,514
1.13.11.61,515
1.17.4.1,516
2.3.2.31,517
3.1.11.2,518
3.1.3.77,519
3.4.21.21,520
1.6.5.10,521
2.7.8.40,522
5.4.99.30,523
1.14.11.13,524
2.1.1.164,525
2.7.1.201,526
2.3.1.41,527
2.1.1.356,528
4.1.3.36,529
2.4.1.21,530
5.3.1.27,531
1.1.99.-,532
1.13.11.64,533
3.5.1.124,534
4.2.1.-,535
1.11.1.19,536
7.2.4.5,537
6.3.2.36,538
2.3.1.31,539
3.1.22.-,540
2.4.1.-,541
1.14.12.1,542
1.1.1.276,543
1.4.3.19,544
3.7.1.20,545
2.5.1.96,546
3.4.22.15,547
1.5.99.8,548
2.5.1.29,549
2.4.1.301,550
3.4.11.19,551
4.2.1.39,552
1.8.98.2,553
2.3.1.181,554
2.1.1.182,555
1.2.1.68,556
1.12.5.1,557
2.4.2.27,558
3.5.1.93,559
1.1.1.75,560
1.14.14.32,561
2.3.1.234,562
3.2.1.46,563
3.4.24.84,564
4.1.2.19,565
2.1.1.102,566
2.7.1.72,567
2.3.1.-,568
1.14.18.5,569
2.4.2.-,570
1.23.1.4,571
4.1.99.12,572
2.6.1.92,573
3.1.1.117,574
2.9.1.3,575
1.6.1.1,576
3.4.21.109,577
1.14.13.24,578
4.3.3.-,579
5.6.1.1,580
2.7.7.33,581
1.1.1.61,582
1.1.1.76,583
1.3.7.2,584
4.1.3.40,585
2.4.1.180,586
2.7.2.11,587
6.3.5.9,588
2.4.1.46,589
2.7.8.20,590
4.2.1.45,591
2.1.1.22,592
3.1.3.81,593
1.11.1.7,594
1.1.1.79,595
3.1.4.14,596
2.4.1.225,597
2.5.1.44,598
3.2.1.122,599
4.2.1.3,600
1.14.99.-,601
3.2.1.83,602
2.7.11.21,603
1.2.5.3,604
1.9.3.1,605
7.2.2.14,606
1.11.1.-,607
3.2.1.169,608
3.6.1.25,609
5.1.99.3,610
3.6.3.9,611
2.5.1.n9,612
2.6.1.82,613
3.5.2.19,614
4.2.1.103,615
6.3.1.1,616
1.14.13.148,617
3.2.1.21,618
6.1.1.16,619
1.7.-.-,620
6.1.1.14,621
4.1.1.111,622
3.4.24.55,623
5.3.1.1,624
4.2.2.2,625
1.18.1.6,626
3.1.4.50,627
3.5.4.19,628
5.4.99.24,629
2.3.1.189,630
1.14.13.20,631
3.6.3.23,632
7.4.2.5,633
3.2.1.11,634
3.4.13.3,635
2.4.1.18,636
5.4.99.29,637
2.3.3.3,638
2.1.1.37,639
1.8.5.7,640
2.3.2.-,641
4.4.1.24,642
2.1.1.67,643
4.3.1.24,644
1.1.1.85,645
4.2.3.3,646
1.14.13.-,647
1.20.1.1,648
3.1.21.1,649
5.1.3.37,650
3.1.1.74,651
3.2.1.92,652
2.1.1.271,653
3.6.3.42,654
1.97.1.-,655
1.3.1.93,656
5.4.99.18,657
1.3.1.8,658
1.11.1.27,659
4.2.3.18,660
2.7.7.24,661
3.1.11.6,662
4.4.1.-,663
6.3.2.9,664
1.1.1.264,665
2.1.1.66,666
1.17.7.1,667
4.1.1.49,668
3.5.1.41,669
1.20.4.-,670
1.14.13.22,671
1.1.1.303,672
6.3.2.25,673
5.1.1.18,674
2.7.7.78,675
1.1.1.159,676
3.1.1.11,677
5.1.1.12,678
1.7.99.8,679
5.4.99.9,680
1.1.1.371,681
3.6.1.12,682
2.4.1.5,683
1.4.3.20,684
2.7.4.2,685
5.1.3.11,686
2.1.1.284,687
1.2.1.22,688
1.14.15.12,689
1.4.5.1,690
2.4.1.351,691
4.7.1.1,692
5.3.3.2,693
3.1.4.4,694
1.8.3.7,695
2.7.1.183,696
3.2.1.58,697
1.13.11.15,698
2.7.1.149,699
3.1.12.1,700
1.14.13.142,701
1.14.11.20,702
1.6.5.8,703
2.1.3.6,704
1.1.1.274,705
1.1.1.67,706
3.7.1.21,707
2.7.1.2,708
4.1.1.72,709
2.4.1.224,710
2.7.7.4,711
4.1.-.-,712
2.1.1.366,713
2.6.1.33,714
2.3.1.81,715
2.1.1.-,716
3.6.4.6,717
2.4.1.211,718
4.2.1.43,719
3.2.1.70,720
2.7.1.112,721
2.3.1.82,722
3.2.1.106,723
3.6.1.45,724
2.7.8.34,725
5.4.99.19,726
3.5.4.39,727
4.3.1.3,728
2.7.7.31,729
2.7.7.6,730
1.1.99.31,731
5.1.3.14,732
3.5.5.7,733
1.1.1.93,734
2.3.1.109,735
3.1.27.3,736
2.7.8.26,737
6.6.1.1,738
2.7.4.16,739
4.2.1.77,740
3.4.22.38,741
2.3.1.292,742
1.14.11.27,743
4.1.1.12,744
6.1.1.4,745
2.1.1.218,746
2.8.4.-,747
1.1.1.94,748
3.5.1.98,749
1.3.7.15,750
2.3.3.8,751
2.8.3.20,752
5.99.1.2,753
2.3.1.25,754
2.7.1.180,755
1.1.1.262,756
2.3.2.15,757
1.17.5.3,758
2.4.1.246,759
2.6.1.5,760
5.1.3.9,761
3.2.1.136,762
3.1.30.1,763
6.3.2.7,764
2.3.1.40,765
3.1.31.-,766
2.6.1.34,767
1.3.7.1,768
2.5.1.19,769
6.1.1.21,770
2.8.3.-,771
1.1.1.261,772
2.6.1.77,773
6.1.1.10,774
1.14.14.3,775
2.3.1.176,776
1.14.15.32,777
4.2.1.126,778
1.5.1.34,779
2.7.7.76,780
1.8.1.12,781
3.1.3.18,782
1.2.5.1,783
4.2.3.1,784
5.3.1.15,785
2.5.1.145,786
1.3.5.1,787
3.6.3.14,788
2.1.1.217,789
2.3.1.274,790
4.1.1.25,791
2.6.1.100,792
4.1.1.82,793
4.1.1.48,794
4.3.1.2,795
2.8.2.37,796
1.17.1.9,797
6.2.1.17,798
3.4.11.2,799
7.1.1.2,800
2.4.1.226,801
2.1.2.-,802
2.7.7.43,803
3.5.-.-,804
1.12.99.6,805
3.4.13.18,806
4.1.1.20,807
1.7.1.1,808
2.7.7.9,809
2.1.1.320,810
6.1.1.9,811
6.4.1.7,812
6.5.1.1,813
3.4.11.6,814
3.1.3.41,815
1.14.11.1,816
1.1.1.135,817
2.3.1.79,818
1.5.1.9,819
1.1.1.272,820
4.2.1.104,821
1.1.1.28,822
4.2.1.85,823
3.5.4.1,824
5.3.1.9,825
4.1.1.45,826
3.4.22.68,827
1.2.7.8,828
3.1.3.78,829
1.14.13.106,830
3.1.1.25,831
6.2.1.27,832
3.6.3.34,833
2.7.7.62,834
2.4.1.11,835
2.8.3.6,836
2.3.1.1,837
3.1.3.2,838
5.4.99.26,839
1.14.13.33,840
6.5.1.2,841
2.7.7.61,842
1.3.8.2,843
1.1.1.305,844
2.1.1.34,845
1.5.3.2,846
3.4.24.85,847
3.4.21.6,848
1.1.1.163,849
3.4.22.52,850
2.6.1.88,851
1.14.14.51,852
7.1.1.-,853
1.1.1.193,854
1.14.11.23,855
6.3.4.13,856
3.1.3.-,857
2.3.1.107,858
3.1.3.25,859
2.1.1.72,860
3.6.1.5,861
3.1.2.-,862
4.2.1.19,863
1.6.99.1,864
1.1.3.47,865
4.2.2.n2,866
3.2.1.6,867
3.6.1.52,868
1.14.19.-,869
3.2.1.54,870
6.3.2.34,871
3.4.21.72,872
3.1.13.1,873
1.13.11.34,874
2.7.7.39,875
2.7.4.24,876
1.2.4.-,877
1.17.5.2,878
1.17.9.1,879
1.1.1.88,880
2.7.1.49,881
5.3.1.25,882
3.2.1.81,883
3.1.4.37,884
2.6.1.37,885
3.5.1.53,886
1.1.3.20,887
1.3.99.3,888
1.2.1.50,889
1.8.1.7,890
1.2.1.28,891
6.3.2.6,892
3.1.1.5,893
1.4.1.1,894
1.8.5.-,895
2.7.7.67,896
1.1.1.290,897
3.5.1.121,898
6.3.5.5,899
6.3.2.30,900
1.17.1.4,901
2.1.1.255,902
3.4.21.10,903
2.1.3.2,904
3.6.-.-,905
2.1.2.11,906
1.1.1.146,907
3.2.1.131,908
7.1.3.1,909
1.11.1.9,910
3.3.2.10,911
3.6.1.59,912
1.1.1.9,913
1.3.99.10,914
2.8.1.11,915
3.2.1.135,916
4.2.1.79,917
6.3.1.8,918
6.3.5.3,919
2.7.1.16,920
1.3.7.7,921
1.8.5.4,922
3.4.14.9,923
7.2.1.3,924
3.5.4.31,925
3.2.1.68,926
1.14.13.92,927
2.7.1.53,928
2.5.1.59,929
3.6.1.9,930
1.3.99.4,931
3.4.17.-,932
1.3.3.11,933
2.3.1.288,934
2.7.7.63,935
2.7.1.105,936
6.2.1.2,937
3.5.2.10,938
3.6.5.1,939
4.1.3.39,940
1.13.11.81,941
4.2.2.-,942
1.7.1.15,943
2.7.4.3,944
2.3.1.239,945
3.6.3.2,946
4.2.1.75,947
1.16.1.1,948
5.3.99.3,949
1.13.11.41,950
3.4.21.83,951
2.5.1.25,952
3.1.25.1,953
4.2.3.6,954
3.1.21.3,955
3.1.1.85,956
6.3.2.53,957
4.2.3.113,958
3.9.1.3,959
1.2.1.4,960
3.1.4.57,961
2.7.11.30,962
1.4.99.5,963
4.1.2.14,964
1.3.8.12,965
2.7.1.26,966
5.3.1.29,967
1.3.1.64,968
1.18.1.2,969
1.14.99.33,970
1.17.7.4,971
1.1.1.301,972
1.14.11.6,973
2.4.99.-,974
3.4.24.41,975
2.7.1.45,976
2.6.1.4,977
3.1.26.3,978
2.7.1.63,979
1.16.3.2,980
1.7.1.13,981
1.3.8.6,982
3.1.1.14,983
1.8.2.3,984
4.2.2.10,985
3.5.1.128,986
4.2.1.89,987
1.1.1.338,988
2.5.1.129,989
1.97.1.4,990
3.5.1.-,991
2.1.1.185,992
4.2.1.35,993
2.1.1.307,994
3.4.22.-,995
1.2.7.5,996
1.14.99.39,997
3.2.1.141,998
3.5.1.49,999
3.6.1.40,1000
2.1.1.198,1001
2.1.-.-,1002
1.2.7.1,1003
3.5.3.18,1004
3.4.13.9,1005
1.1.5.5,1006
1.5.3.16,1007
1.2.7.-,1008
4.3.3.7,1009
2.1.1.321,1010
5.3.1.8,1011
4.1.2.5,1012
2.5.1.54,1013
2.1.1.205,1014
1.3.99.31,1015
1.1.1.374,1016
2.3.1.94,1017
2.8.3.19,1018
5.2.1.13,1019
2.4.2.39,1020
2.5.1.22,1021
3.1.1.7,1022
1.14.14.10,1023
2.7.1.107,1024
2.1.1.233,1025
2.1.1.221,1026
3.2.1.40,1027
3.4.21.75,1028
1.14.13.127,1029
1.6.5.3,1030
5.1.1.7,1031
2.8.2.1,1032
1.1.1.170,1033
1.1.1.313,1034
3.1.3.16,1035
4.1.2.-,1036
3.4.16.6,1037
3.5.1.92,1038
2.7.1.55,1039
2.4.1.293,1040
3.1.1.77,1041
2.7.1.37,1042
1.7.1.17,1043
3.1.6.1,1044
5.4.3.8,1045
1.17.1.-,1046
1.7.2.7,1047
3.2.1.185,1048
6.3.5.13,1049
2.3.1.231,1050
1.3.7.11,1051
3.4.22.8,1052
1.4.4.2,1053
2.7.1.159,1054
2.1.1.359,1055
1.14.11.30,1056
3.6.1.1,1057
2.3.1.179,1058
4.2.3.153,1059
2.8.3.10,1060
2.3.1.108,1061
2.5.1.81,1062
1.14.11.33,1063
4.1.1.37,1064
1.3.8.4,1065
3.5.1.47,1066
3.7.1.2,1067
3.3.-.-,1068
1.1.1.304,1069
4.6.1.24,1070
4.2.1.83,1071
2.1.1.260,1072
2.7.7.42,1073
1.1.99.36,1074
7.2.3.-,1075
2.7.8.6,1076
3.6.3.-,1077
1.3.7.3,1078
1.1.5.8,1079
3.1.2.1,1080
4.1.1.32,1081
2.5.1.27,1082
3.5.3.24,1083
1.1.1.48,1084
3.1.3.71,1085
1.5.99.11,1086
6.4.1.6,1087
2.4.1.132,1088
2.7.1.138,1089
1.3.3.15,1090
3.6.1.11,1091
1.14.99.44,1092
6.2.1.14,1093
2.3.1.97,1094
1.3.1.76,1095
1.2.7.7,1096
3.4.17.1,1097
2.5.1.15,1098
5.1.3.2,1099
1.1.1.38,1100
2.3.2.6,1101
3.5.1.16,1102
1.1.1.373,1103
7.6.2.1,1104
1.3.1.26,1105
1.1.99.2,1106
1.1.2.10,1107
2.4.1.201,1108
1.17.1.8,1109
1.3.1.56,1110
4.1.2.13,1111
2.5.1.76,1112
3.1.3.95,1113
3.2.1.75,1114
4.1.99.1,1115
3.6.1.17,1116
3.10.1.1,1117
4.3.1.12,1118
3.6.4.13,1119
3.2.1.32,1120
2.4.1.227,1121
2.5.1.101,1122
1.1.1.154,1123
3.4.22.49,1124
3.4.11.7,1125
4.1.1.61,1126
2.1.1.227,1127
1.17.1.1,1128
5.1.3.31,1129
1.1.98.2,1130
2.4.1.316,1131
4.2.2.22,1132
1.3.99.26,1133
2.7.11.25,1134
4.1.2.9,1135
5.4.99.15,1136
2.5.1.56,1137
1.1.1.216,1138
2.5.1.46,1139
1.4.3.4,1140
1.1.1.385,1141
2.7.8.46,1142
1.1.1.381,1143
1.14.17.3,1144
2.6.1.98,1145
1.2.7.11,1146
1.1.1.267,1147
1.1.1.311,1148
2.7.3.9,1149
4.1.2.52,1150
4.1.1.19,1151
1.13.11.45,1152
4.4.1.3,1153
4.1.3.45,1154
2.6.1.11,1155
6.1.1.5,1156
6.5.1.8,1157
1.8.4.14,1158
1.1.5.6,1159
6.2.1.20,1160
2.8.1.13,1161
3.1.4.55,1162
1.1.1.65,1163
5.1.2.1,1164
3.4.21.25,1165
4.2.1.5,1166
1.3.98.1,1167
3.5.4.6,1168
2.8.4.5,1169
4.1.1.59,1170
4.2.1.41,1171
1.5.99.6,1172
2.4.1.273,1173
2.4.2.18,1174
3.1.1.3,1175
3.4.19.5,1176
3.5.4.44,1177
2.7.1.94,1178
2.2.1.9,1179
6.3.5.-,1180
3.4.23.38,1181
1.1.1.49,1182
2.7.1.90,1183
1.10.3.3,1184
6.1.1.17,1185
2.8.3.5,1186
7.6.2.-,1187
3.1.3.74,1188
2.7.1.147,1189
4.3.1.4,1190
1.3.5.5,1191
2.3.1.210,1192
2.1.1.237,1193
1.5.1.43,1194
4.1.2.17,1195
2.6.1.63,1196
2.3.1.5,1197
1.1.1.29,1198
1.1.1.64,1199
1.3.5.3,1200
1.5.1.50,1201
2.4.1.324,1202
1.5.1.1,1203
4.3.1.14,1204
3.6.1.63,1205
1.3.1.34,1206
3.1.1.34,1207
2.7.7.25,1208
1.1.1.1,1209
2.1.1.148,1210
3.4.21.7,1211
1.14.13.113,1212
2.3.1.129,1213
3.5.1.15,1214
5.4.2.7,1215
3.4.17.10,1216
2.3.1.8,1217
3.2.1.89,1218
2.1.1.193,1219
4.2.3.12,1220
3.4.21.50,1221
1.14.14.-,1222
4.2.1.109,1223
4.1.99.2,1224
2.7.11.11,1225
4.2.1.28,1226
5.3.1.4,1227
3.6.3.7,1228
4.3.2.10,1229
4.2.3.138,1230
4.2.3.5,1231
1.2.1.88,1232
2.5.1.74,1233
2.6.1.18,1234
1.1.1.302,1235
2.3.3.-,1236
3.6.1.10,1237
1.21.4.3,1238
1.14.14.147,1239
1.2.99.5,1240
2.4.1.15,1241
1.1.1.327,1242
1.1.99.11,1243
3.5.1.82,1244
3.1.5.1,1245
3.1.26.5,1246
3.5.4.5,1247
1.8.1.-,1248
3.4.23.29,1249
4.1.2.2,1250
2.7.8.37,1251
3.5.99.10,1252
4.6.1.1,1253
3.6.1.54,1254
2.1.1.172,1255
2.7.7.21,1256
1.14.20.5,1257
2.1.1.100,1258
2.6.1.17,1259
3.6.2.1,1260
1.9.3.-,1261
1.13.11.39,1262
2.4.1.135,1263
3.5.2.3,1264
3.5.4.16,1265
2.1.1.181,1266
7.5.2.6,1267
2.1.1.203,1268
4.3.99.3,1269
2.4.1.187,1270
1.1.1.35,1271
2.6.1.44,1272
2.3.1.21,1273
1.2.1.79,1274
6.3.1.14,1275
2.4.2.4,1276
2.6.1.76,1277
2.4.2.43,1278
2.4.99.16,1279
2.3.1.86,1280
3.3.2.12,1281
1.8.1.8,1282
1.4.1.24,1283
5.4.99.27,1284
3.2.1.18,1285
4.1.1.46,1286
3.1.3.99,1287
3.5.1.102,1288
2.5.-.-,1289
1.14.99.46,1290
1.1.1.291,1291
2.6.1.85,1292
2.3.1.242,1293
2.1.1.17,1294
4.2.1.119,1295
1.4.3.5,1296
2.3.2.3,1297
2.1.1.141,1298
2.1.1.219,1299
3.4.21.100,1300
1.14.14.96,1301
4.2.1.1,1302
3.4.14.4,1303
4.2.1.55,1304
3.5.1.103,1305
4.2.1.46,1306
1.1.1.57,1307
2.4.1.64,1308
3.7.1.9,1309
1.1.1.325,1310
3.1.4.58,1311
3.5.1.105,1312
6.4.1.4,1313
4.6.1.2,1314
3.6.3.17,1315
1.2.7.6,1316
4.2.1.70,1317
1.1.1.337,1318
2.3.1.20,1319
3.6.4.5,1320
3.5.2.12,1321
2.7.1.165,1322
5.1.3.-,1323
6.3.1.20,1324
1.3.8.-,1325
6.1.1.6,1326
3.4.23.15,1327
3.5.3.-,1328
2.3.1.54,1329
4.2.1.149,1330
1.1.1.54,1331
1.14.11.17,1332
4.2.1.129,1333
1.97.1.9,1334
3.4.21.99,1335
2.4.1.207,1336
5.3.2.5,1337
1.17.98.1,1338
5.4.99.12,1339
2.2.1.1,1340
1.17.7.3,1341
2.4.1.264,1342
2.8.3.1,1343
4.2.3.15,1344
1.14.13.77,1345
1.21.3.1,1346
3.4.21.53,1347
1.14.19.31,1348
2.4.1.68,1349
2.7.8.13,1350
2.5.1.57,1351
2.3.1.293,1352
2.1.1.101,1353
1.3.5.6,1354
2.7.1.83,1355
1.2.1.72,1356
3.1.1.99,1357
7.6.2.3,1358
2.7.1.207,1359
1.3.1.83,1360
3.1.26.4,1361
2.1.1.297,1362
1.5.3.-,1363
1.3.1.12,1364
3.4.23.12,1365
5.99.1.-,1366
2.7.7.15,1367
2.1.1.372,1368
2.1.3.10,1369
1.14.13.9,1370
3.4.17.11,1371
3.1.1.45,1372
7.5.2.7,1373
1.7.5.1,1374
2.7.1.25,1375
4.2.1.101,1376
1.14.19.21,1377
2.1.1.354,1378
4.2.1.91,1379
3.1.7.1,1380
1.5.99.14,1381
2.1.1.133,1382
2.7.4.10,1383
3.5.3.10,1384
5.5.1.7,1385
2.3.1.122,1386
3.1.1.83,1387
1.7.99.1,1388
2.1.1.190,1389
3.1.11.3,1390
2.3.1.23,1391
7.5.2.3,1392
2.3.1.18,1393
1.3.8.7,1394
2.7.1.47,1395
3.7.1.19,1396
1.6.5.9,1397
2.6.1.39,1398
2.6.1.118,1399
2.7.13.3,1400
4.2.1.2,1401
1.1.1.292,1402
1.1.1.n4,1403
6.2.1.12,1404
1.1.3.9,1405
3.5.1.19,1406
1.1.1.22,1407
2.8.1.1,1408
2.3.1.57,1409
7.2.2.10,1410
6.1.1.18,1411
1.2.1.76,1412
3.4.19.15,1413
1.16.1.6,1414
1.1.1.100,1415
3.5.1.114,1416
1.2.1.38,1417
2.2.1.11,1418
1.3.1.44,1419
3.1.3.86,1420
2.1.1.60,1421
3.2.1.93,1422
3.2.1.37,1423
2.4.2.17,1424
1.3.99.7,1425
6.4.-.-,1426
2.4.1.267,1427
1.14.12.17,1428
3.4.21.61,1429
5.1.1.4,1430
1.1.1.25,1431
1.1.1.346,1432
1.18.1.1,1433
1.2.1.16,1434
2.7.4.29,1435
1.3.99.22,1436
1.8.4.11,1437
1.1.1.218,1438
1.5.1.28,1439
4.2.2.1,1440
1.14.99.3,1441
1.1.1.37,1442
4.3.2.3,1443
2.7.1.4,1444
4.2.1.153,1445
3.5.1.101,1446
2.7.1.119,1447
3.5.1.94,1448
2.4.1.283,1449
1.1.1.122,1450
2.4.1.320,1451
1.1.1.153,1452
3.5.1.77,1453
3.5.5.8,1454
2.1.1.206,1455
4.2.1.81,1456
2.7.1.175,1457
4.1.1.3,1458
3.6.3.36,1459
3.1.6.4,1460
7.6.2.13,1461
4.1.1.102,1462
1.13.11.24,1463
2.7.1.82,1464
2.1.3.-,1465
1.1.1.368,1466
4.1.1.4,1467
3.1.4.17,1468
3.1.3.48,1469
2.4.1.302,1470
1.17.2.1,1471
3.2.1.179,1472
1.4.1.14,1473
2.5.1.78,1474
2.7.1.68,1475
1.3.5.-,1476
1.1.1.369,1477
1.1.1.3,1478
2.6.1.102,1479
1.14.19.11,1480
1.3.1.32,1481
3.4.19.3,1482
3.5.4.10,1483
1.17.4.2,1484
4.2.1.93,1485
2.8.2.2,1486
2.7.8.28,1487
4.2.3.75,1488
1.8.99.5,1489
2.1.1.52,1490
6.-.-.-,1491
1.14.18.-,1492
1.14.11.4,1493
2.7.7.13,1494
2.4.1.173,1495
1.3.1.6,1496
2.5.1.83,1497
6.3.2.5,1498
3.6.3.5,1499
3.5.1.122,1500
1.1.1.244,1501
3.5.3.7,1502
1.13.11.83,1503
2.4.1.8,1504
3.5.1.54,1505
2.8.1.4,1506
5.4.1.-,1507
1.2.1.3,1508
1.4.1.2,1509
3.4.21.93,1510
2.8.4.3,1511
3.1.3.66,1512
2.7.1.202,1513
2.3.1.168,1514
4.2.1.107,1515
5.4.4.2,1516
6.2.1.34,1517
2.1.1.95,1518
1.5.1.20,1519
2.3.1.266,1520
2.3.1.203,1521
2.7.7.77,1522
5.4.99.61,1523
2.7.1.78,1524
2.8.-.-,1525
5.5.1.-,1526
4.1.1.50,1527
2.5.1.134,1528
1.13.11.49,1529
3.6.3.25,1530
7.2.2.8,1531
4.6.1.17,1532
4.99.1.2,1533
3.6.3.55,1534
6.1.1.15,1535
1.1.3.13,1536
3.2.2.8,1537
3.1.2.15,1538
4.99.1.4,1539
2.4.2.46,1540
1.5.99.15,1541
2.7.7.27,1542
3.1.4.52,1543
2.7.6.1,1544
3.4.21.73,1545
3.5.1.59,1546
1.8.1.16,1547
3.2.1.28,1548
2.4.2.19,1549
1.7.7.1,1550
2.3.1.128,1551
2.3.2.33,1552
5.4.2.11,1553
4.1.99.17,1554
2.3.2.16,1555
1.2.99.4,1556
6.2.1.26,1557
3.4.21.101,1558
2.1.2.9,1559
3.5.1.14,1560
3.4.16.4,1561
2.3.-.-,1562
2.7.1.191,1563
5.4.99.13,1564
1.14.99.15,1565
4.1.1.98,1566
3.1.3.87,1567
3.5.3.19,1568
3.2.2.26,1569
1.14.12.10,1570
2.5.1.90,1571
2.7.7.n1,1572
2.7.7.18,1573
3.2.1.55,1574
2.7.8.36,1575
3.7.1.13,1576
3.4.21.36,1577
5.3.1.5,1578
1.14.13.70,1579
2.4.1.12,1580
5.4.2.4,1581
3.5.2.5,1582
2.1.1.296,1583
3.6.4.3,1584
1.6.99.3,1585
3.1.4.11,1586
2.5.1.120,1587
2.5.1.10,1588
3.2.1.4,1589
2.5.1.115,1590
6.2.1.54,1591
2.4.99.21,1592
1.3.1.89,1593
2.7.12.2,1594
3.1.1.92,1595
3.1.1.81,1596
1.21.4.1,1597
1.2.1.103,1598
2.5.1.17,1599
3.1.3.45,1600
4.3.2.1,1601
3.5.1.52,1602
3.2.2.27,1603
2.5.1.21,1604
1.1.3.8,1605
2.7.1.205,1606
5.3.3.3,1607
1.3.1.74,1608
3.6.1.65,1609
2.7.8.12,1610
6.3.1.2,1611
3.6.3.54,1612
1.3.8.13,1613
3.1.31.1,1614
3.6.1.71,1615
1.2.99.6,1616
3.1.1.96,1617
1.13.11.11,1618
5.4.99.21,1619
2.8.1.2,1620
2.1.1.131,1621
6.3.2.10,1622
2.4.1.33,1623
1.5.1.24,1624
2.1.1.157,1625
2.1.1.208,1626
2.1.1.51,1627
5.3.1.6,1628
3.2.2.4,1629
3.2.1.33,1630
2.7.1.1,1631
3.4.25.-,1632
3.6.3.38,1633
5.3.99.6,1634
1.4.3.2,1635
5.3.1.30,1636
3.4.21.32,1637
4.4.1.2,1638
4.1.99.13,1639
7.2.2.6,1640
2.7.2.1,1641
6.4.1.8,1642
3.1.4.56,1643
1.1.99.14,1644
4.2.2.23,1645
3.5.4.29,1646
6.2.1.42,1647
2.7.7.85,1648
4.4.1.5,1649
4.99.1.9,1650
3.2.2.31,1651
6.2.1.48,1652
2.7.1.153,1653
3.5.1.86,1654
1.3.99.5,1655
3.6.3.12,1656
2.3.2.25,1657
3.2.1.183,1658
1.1.1.34,1659
6.3.2.-,1660
3.5.1.38,1661
2.7.1.170,1662
7.3.2.2,1663
3.6.3.19,1664
1.1.1.2,1665
2.3.2.29,1666
3.5.2.9,1667
6.3.5.11,1668
2.4.1.284,1669
1.14.15.18,1670
1.20.4.1,1671
3.1.3.46,1672
6.5.1.6,1673
6.2.1.30,1674
2.3.1.178,1675
3.1.2.30,1676
1.14.13.239,1677
3.5.1.88,1678
2.5.1.103,1679
1.14.20.7,1680
1.15.1.2,1681
3.5.99.-,1682
3.6.3.40,1683
5.3.1.14,1684
3.1.1.73,1685
1.8.3.4,1686
4.6.1.13,1687
7.3.2.5,1688
3.6.1.53,1689
5.3.1.33,1690
2.8.1.6,1691
1.13.11.2,1692
3.5.4.42,1693
2.3.1.15,1694
1.14.11.9,1695
1.14.14.18,1696
7.4.2.6,1697
3.5.3.8,1698
2.4.2.3,1699
2.7.7.38,1700
3.1.6.14,1701
3.1.21.4,1702
2.4.1.221,1703
4.2.3.24,1704
4.2.3.13,1705
5.3.4.1,1706
1.13.11.37,1707
2.7.7.80,1708
3.4.19.12,1709
4.1.1.47,1710
1.2.1.24,1711
2.6.1.57,1712
2.7.8.23,1713
1.3.1.45,1714
4.2.1.116,1715
5.1.2.3,1716
1.1.1.18,1717
1.14.13.79,1718
2.7.1.41,1719
1.1.1.42,1720
2.1.1.360,1721
2.1.1.199,1722
2.1.1.348,1723
3.6.5.n1,1724
1.2.1.48,1725
5.4.2.3,1726
2.5.1.9,1727
2.7.4.28,1728
1.8.4.2,1729
3.4.21.92,1730
3.2.1.26,1731
1.3.8.3,1732
5.1.3.20,1733
2.3.1.174,1734
2.7.1.121,1735
1.14.15.3,1736
3.4.22.71,1737
3.4.24.19,1738
4.1.1.88,1739
2.8.1.-,1740
1.1.99.1,1741
2.1.2.2,1742
4.2.2.8,1743
1.14.20.4,1744
1.1.99.8,1745
1.1.2.-,1746
3.5.1.96,1747
2.3.2.18,1748
5.4.1.4,1749
4.99.1.3,1750
1.1.1.140,1751
3.4.24.78,1752
2.7.8.31,1753
2.3.1.38,1754
1.8.5.2,1755
3.6.1.27,1756
1.5.1.5,1757
2.7.7.59,1758
1.1.1.184,1759
4.2.1.24,1760
1.97.1.8,1761
2.4.2.60,1762
1.4.9.1,1763
2.3.1.187,1764
2.5.1.72,1765
3.4.19.9,1766
3.7.1.8,1767
4.4.1.15,1768
3.4.24.35,1769
3.2.1.45,1770
3.4.19.13,1771
1.14.13.2,1772
2.7.4.8,1773
3.4.16.2,1774
1.5.98.2,1775
7.1.1.8,1776
4.1.1.1,1777
3.5.1.3,1778
3.6.1.43,1779
2.1.1.319,1780
3.6.1.56,1781
2.1.1.170,1782
3.1.1.10,1783
1.14.13.114,1784
5.4.99.17,1785
2.7.8.-,1786
1.5.1.-,1787
3.5.2.7,1788
2.4.1.248,1789
2.7.2.7,1790
1.1.1.4,1791
6.3.2.41,1792
1.13.11.46,1793
2.4.1.111,1794
2.1.1.20,1795
3.1.3.70,1796
2.7.11.24,1797
2.1.2.10,1798
2.7.7.87,1799
1.1.2.3,1800
2.7.7.90,1801
2.7.7.105,1802
7.1.1.6,1803
2.4.1.20,1804
2.7.7.89,1805
5.1.1.13,1806
1.5.3.1,1807
2.7.1.12,1808
1.14.14.154,1809
1.18.6.1,1810
6.3.4.14,1811
3.4.14.5,1812
3.1.1.-,1813
3.4.21.96,1814
1.14.99.63,1815
4.6.1.19,1816
3.4.21.68,1817
3.5.2.15,1818
1.21.99.4,1819
3.2.1.39,1820
1.14.11.31,1821
4.1.1.7,1822
2.4.2.45,1823
2.8.3.22,1824
4.-.-.-,1825
2.4.1.345,1826
3.5.2.6,1827
1.13.11.54,1828
2.4.99.13,1829
3.5.4.33,1830
5.2.1.1,1831
6.3.2.3,1832
1.13.11.78,1833
3.4.17.24,1834
6.5.1.4,1835
2.6.1.81,1836
1.14.13.40,1837
3.1.2.12,1838
4.2.1.49,1839
2.5.1.97,1840
3.4.19.1,1841
1.5.1.3,1842
1.1.1.30,1843
2.3.1.160,1844
2.4.1.45,1845
2.7.11.5,1846
2.3.3.14,1847
6.3.3.3,1848
1.12.2.1,1849
2.7.1.144,1850
1.1.1.90,1851
1.3.1.72,1852
3.4.21.4,1853
3.6.1.3,1854
2.7.7.50,1855
2.4.1.289,1856
2.7.1.30,1857
2.5.1.43,1858
2.7.7.74,1859
2.7.1.166,1860
1.1.1.312,1861
1.3.1.38,1862
4.2.1.150,1863
1.2.99.7,1864
1.14.13.196,1865
1.18.1.3,1866
2.7.1.85,1867
3.2.1.-,1868
3.2.1.17,1869
2.3.1.51,1870
3.5.4.9,1871
4.5.1.-,1872
2.5.1.39,1873
1.18.1.5,1874
1.21.-.-,1875
3.6.4.10,1876
3.6.5.3,1877
2.1.1.130,1878
1.1.1.127,1879
1.1.1.39,1880
3.7.1.12,1881
5.5.1.19,1882
4.2.-.-,1883
2.7.14.1,1884
3.2.1.3,1885
3.2.1.31,1886
3.5.3.25,1887
1.14.99.29,1888
3.6.3.27,1889
3.1.3.85,1890
3.4.21.81,1891
3.1.1.84,1892
2.1.1.56,1893
2.1.1.290,1894
3.1.1.1,1895
2.3.1.184,1896
2.8.2.8,1897
3.5.99.3,1898
3.4.22.53,1899
2.3.1.102,1900
5.4.2.2,1901
2.4.1.312,1902
1.14.14.23,1903
3.1.7.2,1904
4.1.1.81,1905
1.1.1.133,1906
4.1.1.71,1907
1.14.15.4,1908
3.6.1.55,1909
3.6.3.20,1910
2.6.1.84,1911
2.1.1.144,1912
1.5.1.30,1913
2.3.1.286,1914
4.1.1.28,1915
1.1.1.81,1916
1.2.1.27,1917
5.3.3.-,1918
5.3.99.4,1919
2.5.1.42,1920
2.7.1.176,1921
2.5.1.114,1922
2.7.7.72,1923
6.2.1.41,1924
2.1.3.11,1925
2.5.1.7,1926
4.3.1.27,1927
1.8.1.4,1928
1.3.1.84,1929
3.5.1.1,1930
2.7.11.26,1931
2.1.2.5,1932
3.6.3.28,1933
2.1.1.301,1934
3.2.1.41,1935
3.1.3.26,1936
3.1.1.15,1937
1.14.15.24,1938
1.1.1.80,1939
2.4.2.59,1940
5.1.3.13,1941
3.5.1.111,1942
3.4.21.116,1943
6.1.1.13,1944
1.14.13.12,1945
2.3.2.8,1946
3.4.24.11,1947
5.4.99.60,1948
4.1.1.77,1949
5.4.2.12,1950
1.5.1.42,1951
3.1.3.11,1952
3.5.1.99,1953
3.2.1.180,1954
3.4.23.48,1955
2.3.1.225,1956
2.7.1.156,1957
3.1.27.-,1958
4.1.2.22,1959
3.2.2.9,1960
3.1.2.4,1961
3.5.1.31,1962
1.1.1.130,1963
1.3.99.2,1964
2.3.1.202,1965
2.5.1.30,1966
2.7.1.100,1967
2.1.1.104,1968
4.2.1.162,1969
1.14.11.37,1970
1.1.1.194,1971
2.3.1.191,1972
2.1.1.311,1973
3.5.3.6,1974
2.4.1.222,1975
3.5.3.9,1976
1.3.1.49,1977
4.2.1.6,1978
1.2.1.26,1979
2.5.1.99,1980
3.1.4.1,1981
5.3.99.9,1982
1.14.14.115,1983
2.4.2.10,1984
2.7.11.20,1985
1.12.98.1,1986
3.5.1.4,1987
3.4.15.6,1988
2.6.1.-,1989
5.3.1.24,1990
2.4.2.53,1991
2.3.1.75,1992
2.3.1.29,1993
5.4.99.20,1994
2.2.1.-,1995
2.7.1.40,1996
4.1.1.2,1997
2.1.1.152,1998
1.16.8.1,1999
2.4.1.57,2000
4.99.1.1,2001
2.1.1.184,2002
1.14.13.88,2003
1.1.1.251,2004
1.4.3.1,2005
1.14.99.50,2006
2.6.1.83,2007
2.7.7.66,2008
1.6.5.2,2009
3.6.1.72,2010
7.4.2.11,2011
4.1.1.68,2012
3.1.3.82,2013
3.5.1.56,2014
2.1.1.191,2015
1.11.1.6,2016
1.1.1.91,2017
3.5.4.26,2018
5.3.99.5,2019
1.13.11.63,2020
2.4.1.25,2021
1.14.99.1,2022
2.1.1.113,2023
1.3.99.-,2024
1.14.11.11,2025
3.2.1.178,2026
1.14.11.47,2027
1.1.1.287,2028
1.14.14.5,2029
5.1.3.32,2030
6.3.2.33,2031
1.14.12.18,2032
1.20.4.4,2033
6.1.1.27,2034
3.4.24.26,2035
2.8.3.12,2036
1.11.1.26,2037
3.1.1.6,2038
1.3.1.22,2039
1.1.2.8,2040
3.4.18.1,2041
2.7.8.1,2042
2.3.1.46,2043
6.3.5.12,2044
1.4.1.20,2045
2.8.1.14,2046
1.3.99.6,2047
4.1.2.21,2048
3.2.1.176,2049
1.14.11.66,2050
1.1.1.333,2051
3.5.1.125,2052
5.4.99.16,2053
1.1.1.27,2054
2.1.1.196,2055
1.1.2.6,2056
1.17.98.2,2057
1.2.1.39,2058
2.5.1.94,2059
1.7.7.2,2060
2.1.2.1,2061
5.4.2.8,2062
5.1.-.-,2063
1.3.1.87,2064
1.1.1.298,2065
2.3.1.275,2066
3.1.1.32,2067
3.6.3.6,2068
6.3.2.39,2069
2.7.1.130,2070
1.3.1.106,2071
1.1.3.15,2072
3.1.2.14,2073
6.3.4.-,2074
2.7.7.101,2075
1.14.13.83,2076
6.5.1.9,2077
2.5.1.11,2078
5.4.99.2,2079
1.1.1.210,2080
2.4.1.32,2081
2.7.1.24,2082
6.2.1.22,2083
2.4.2.52,2084
2.1.1.361,2085
2.6.-.-,2086
3.1.4.3,2087
2.1.1.174,2088
1.20.4.2,2089
3.6.4.8,2090
3.5.4.4,2091
3.2.2.6,2092
2.1.3.9,2093
2.3.3.5,2094
2.3.1.169,2095
1.1.5.-,2096
1.1.1.281,2097
3.2.1.59,2098
1.13.11.20,2099
4.1.2.44,2100
4.2.3.32,2101
3.2.2.3,2102
5.1.99.6,2103
2.4.1.1,2104
4.1.1.9,2105
2.5.1.68,2106
4.2.3.22,2107
1.1.1.44,2108
2.3.1.74,2109
3.5.3.23,2110
2.7.1.15,2111
1.9.6.1,2112
1.1.1.103,2113
2.3.2.23,2114
4.3.2.2,2115
1.14.13.82,2116
2.4.1.266,2117
3.5.5.1,2118
2.4.1.212,2119
2.4.2.15,2120
1.1.5.2,2121
2.4.1.347,2122
3.5.1.10,2123
3.6.4.12,2124
1.14.13.8,2125
2.4.2.54,2126
1.14.12.7,2127
1.2.1.46,2128
3.7.1.3,2129
6.3.5.6,2130
1.12.98.4,2131
4.2.3.152,2132
3.5.1.23,2133
4.1.3.-,2134
3.-.-.-,2135
1.1.1.46,2136
3.1.1.29,2137
1.16.1.9,2138
3.2.1.1,2139
2.4.1.259,2140
2.3.1.259,2141
6.4.1.2,2142
2.7.4.-,2143
3.6.1.29,2144
2.4.2.26,2145
6.2.1.13,2146
5.5.1.2,2147
1.2.3.1,2148
5.1.3.17,2149
2.1.1.2,2150
2.7.7.70,2151
5.3.3.1,2152
1.5.1.41,2153
4.2.1.52,2154
3.2.1.78,2155
1.5.1.49,2156
5.3.3.18,2157
2.7.1.33,2158
1.1.1.300,2159
2.7.11.-,2160
2.7.9.1,2161
2.3.1.30,2162
5.4.3.3,2163
3.1.1.2,2164
5.3.3.17,2165
1.5.3.13,2166
3.1.-.-,2167
1.10.5.1,2168
1.13.11.16,2169
3.1.3.4,2170
2.6.1.30,2171
1.3.7.9,2172
2.7.1.101,2173
1.2.-.-,2174
1.13.11.27,2175
2.1.1.61,2176
1.1.1.219,2177
4.6.-.-,2178
1.7.1.6,2179
1.2.1.2,2180
5.4.99.58,2181
6.1.1.22,2182
3.1.1.49,2183
1.3.1.70,2184
4.1.1.22,2185
3.2.2.24,2186
2.6.1.48,2187
2.6.1.13,2188
1.1.1.411,2189
2.7.11.7,2190
2.1.1.226,2191
1.11.1.28,2192
3.6.5.2,2193
5.99.1.4,2194
3.4.21.107,2195
3.2.1.82,2196
3.6.4.-,2197
3.1.4.-,2198
1.2.7.12,2199
3.4.21.20,2200
1.5.1.7,2201
3.4.21.45,2202
1.7.3.3,2203
1.3.1.31,2204
2.4.1.141,2205
2.1.1.187,2206
4.1.2.41,2207
2.7.7.71,2208
3.4.21.41,2209
2.5.1.60,2210
2.4.1.346,2211
5.3.1.22,2212
6.6.1.2,2213
3.6.1.74,2214
3.5.99.4,2215
1.14.13.25,2216
1.2.1.31,2217
4.2.1.122,2218
3.2.1.10,2219
5.5.1.24,2220
3.6.1.61,2221
1.3.1.91,2222
2.3.2.10,2223
2.7.7.58,2224
3.1.3.64,2225
3.4.23.51,2226
2.7.6.3,2227
3.4.24.3,2228
1.1.1.69,2229
1.2.1.95,2230
3.2.2.23,2231
2.7.1.29,2232
2.4.1.16,2233
2.7.2.-,2234
2.7.2.17,2235
3.8.1.8,2236
6.1.1.-,2237
2.1.1.64,2238
2.7.1.160,2239
3.2.1.65,2240
1.1.1.288,2241
3.1.3.80,2242
1.3.1.20,2243
1.2.1.18,2244
1.3.1.124,2245
1.14.11.64,2246
4.1.3.3,2247
5.3.2.-,2248
2.7.8.41,2249
2.7.6.2,2250
1.8.98.-,2251
2.7.1.199,2252
2.2.1.2,2253
3.2.1.177,2254
2.9.1.1,2255
1.14.12.-,2256
2.7.1.154,2257
2.3.2.13,2258
4.1.99.5,2259
1.2.1.91,2260
1.7.1.4,2261
2.1.1.228,2262
2.6.1.50,2263
3.4.11.18,2264
1.14.14.17,2265
1.6.1.2,2266
3.6.4.9,2267
1.3.1.48,2268
2.1.1.35,2269
1.7.1.16,2270
3.13.1.1,2271
1.1.1.102,2272
5.3.1.32,2273
1.1.5.3,2274
3.6.3.8,2275
2.3.1.251,2276
3.6.1.13,2277
2.1.1.8,2278
2.8.3.21,2279
4.2.2.6,2280
5.2.1.2,2281
1.8.1.19,2282
2.7.1.184,2283
6.5.1.7,2284
3.5.4.25,2285
4.3.3.5,2286
6.3.1.10,2287
3.1.1.41,2288
2.7.1.27,2289
2.1.3.1,2290
3.4.14.10,2291
3.1.30.-,2292
1.10.3.1,2293
4.1.99.22,2294
1.4.1.13,2295
2.1.1.357,2296
1.1.1.21,2297
2.1.1.114,2298
3.2.1.147,2299
5.3.1.31,2300
4.4.1.8,2301
1.1.1.271,2302
3.1.3.32,2303
2.3.1.183,2304
5.1.1.11,2305
6.1.1.2,2306
1.16.-.-,2307
1.8.2.4,2308
3.6.3.39,2309
3.4.21.102,2310
2.1.1.355,2311
6.3.5.8,2312
2.1.1.6,2313
2.1.1.44,2314
2.6.1.42,2315
1.2.1.85,2316
1.6.5.11,2317
4.1.1.11,2318
2.7.7.79,2319
2.1.1.137,2320
3.5.1.68,2321
2.7.1.50,2322
2.7.1.21,2323
3.3.2.1,2324
2.5.1.140,2325
1.4.3.3,2326
1.13.11.9,2327
2.7.1.148,2328
2.-.-.-,2329
4.1.1.44,2330
2.4.1.245,2331
6.2.1.4,2332
5.3.1.23,2333
4.1.1.90,2334
6.2.1.47,2335
2.1.1.195,2336
2.4.1.213,2337
2.1.1.249,2338
5.5.1.14,2339
2.3.3.16,2340
1.8.99.-,2341
1.7.2.1,2342
5.4.2.1,2343
4.1.3.43,2344
1.2.99.3,2345
2.4.2.44,2346
1.1.3.37,2347
3.5.1.13,2348
1.1.1.336,2349
6.5.1.3,2350
3.6.1.67,2351
2.10.1.1,2352
7.5.2.11,2353
3.1.3.62,2354
3.6.3.18,2355
5.1.3.22,2356
3.4.16.-,2357
4.3.1.17,2358
6.1.1.11,2359
4.2.1.22,2360
2.4.1.142,2361
1.17.1.5,2362
3.5.1.107,2363
1.7.1.-,2364
1.7.1.3,2365
1.1.1.269,2366
3.6.3.43,2367
1.2.4.2,2368
4.2.3.106,2369
6.3.4.16,2370
2.1.1.250,2371
1.17.3.2,2372
1.1.1.11,2373
3.1.1.13,2374
5.3.3.8,2375
1.2.1.9,2376
2.1.1.288,2377
1.6.99.-,2378
6.3.2.45,2379
1.4.3.13,2380
4.1.3.32,2381
2.4.1.155,2382
2.3.1.45,2383
6.2.1.25,2384
1.4.7.1,2385
3.4.15.1,2386
3.6.1.31,2387
6.3.1.19,2388
2.1.1.266,2389
1.2.3.3,2390
3.2.1.73,2391
2.6.1.66,2392
1.1.1.50,2393
2.4.1.315,2394
2.7.1.35,2395
1.7.99.4,2396
1.3.1.13,2397
1.5.1.40,2398
2.3.1.85,2399
3.2.1.14,2400
3.5.1.110,2401
1.8.1.9,2402
1.3.1.103,2403
2.7.1.140,2404
4.1.2.40,2405
1.14.16.2,2406
2.5.1.6,2407
2.5.1.128,2408
2.3.1.16,2409
2.3.1.n5,2410
4.2.99.20,2411
3.5.1.24,2412
1.2.1.41,2413
1.14.11.61,2414
1.1.1.243,2415
4.1.3.24,2416
1.12.1.2,2417
2.7.1.113,2418
2.7.7.69,2419
2.1.1.33,2420
2.4.1.14,2421
2.1.1.192,2422
2.3.1.164,2423
2.3.1.101,2424
5.3.99.2,2425
3.5.3.11,2426
3.5.4.32,2427
7.2.4.2,2428
1.13.12.7,2429
1.14.13.1,2430
1.14.17.1,2431
2.4.-.-,2432
2.2.1.7,2433
3.6.4.4,2434
3.4.16.5,2435
3.4.24.81,2436
2.7.8.5,2437
4.1.99.3,2438
3.4.23.-,2439
3.2.2.28,2440
1.12.98.3,2441
2.6.1.2,2442
3.2.1.170,2443
6.3.4.20,2444
1.14.19.44,2445
4.2.3.20,2446
4.1.1.64,2447
3.2.1.85,2448
3.4.22.50,2449
2.5.1.73,2450
3.2.1.2,2451
2.7.1.39,2452
4.2.1.53,2453
4.1.2.10,2454
2.5.1.31,2455
2.3.1.204,2456
3.4.24.36,2457
1.1.3.41,2458
5.3.2.3,2459
4.1.3.41,2460
3.2.1.143,2461
2.6.1.36,2462
1.14.19.n4,2463
3.1.3.23,2464
1.14.14.9,2465
1.3.1.54,2466
5.3.3.14,2467
2.4.2.14,2468
5.1.3.25,2469
2.7.7.68,2470
5.-.-.-,2471
2.1.1.316,2472
7.1.1.3,2473
2.7.1.146,2474
6.2.1.15,2475
6.3.2.17,2476
4.2.3.130,2477
1.6.-.-,2478
2.4.1.131,2479
1.14.18.1,2480
1.2.5.2,2481
5.4.99.28,2482
3.2.1.67,2483
1.6.5.7,2484
4.4.1.22,2485
1.14.12.19,2486
1.1.-.-,2487
3.6.3.15,2488
3.1.13.-,2489
3.5.1.25,2490
1.11.1.10,2491
3.1.3.68,2492
2.7.8.7,2493
6.3.1.5,2494
3.1.3.73,2495
1.1.1.367,2496
3.6.1.22,2497
2.4.1.325,2498
4.1.1.70,2499
2.7.-.-,2500
4.1.3.26,2501
2.5.1.116,2502
3.2.1.15,2503
3.4.17.13,2504
2.4.1.52,2505
1.1.1.131,2506
4.4.1.14,2507
6.3.2.43,2508
1.4.1.18,2509
2.3.1.156,2510
2.1.1.63,2511
2.5.1.47,2512
6.3.4.2,2513
3.4.11.9,2514
2.9.1.-,2515
3.2.1.101,2516
1.14.14.82,2517
3.7.1.22,2518
6.3.2.14,2519
1.13.12.-,2520
3.4.23.46,2521
2.7.8.33,2522
2.3.1.47,2523
2.7.4.7,2524
4.2.1.99,2525
3.5.2.16,2526
1.6.5.-,2527
3.4.21.22,2528
3.1.3.29,2529
7.1.1.9,2530
2.7.1.59,2531
2.7.11.16,2532
2.5.1.130,2533
5.5.1.25,2534
2.4.1.41,2535
4.1.3.17,2536
3.4.17.15,2537
3.1.8.1,2538
3.1.2.20,2539
1.2.98.1,2540
3.2.1.182,2541
6.3.4.19,2542
4.6.1.12,2543
3.2.2.20,2544
2.1.1.289,2545
5.4.2.10,2546
3.2.1.52,2547
2.3.1.241,2548
3.4.19.-,2549
2.7.1.71,2550
3.1.1.95,2551
3.4.11.10,2552
6.3.1.11,2553
3.2.1.113,2554
3.1.2.29,2555
2.5.1.32,2556
1.1.1.364,2557
4.2.1.151,2558
2.7.1.11,2559
1.4.99.6,2560
3.6.1.66,2561
7.2.2.-,2562
5.1.1.1,2563
2.4.1.7,2564
2.7.10.1,2565
4.2.1.135,2566
1.20.9.1,2567
2.4.2.12,2568
2.3.1.118,2569
7.3.2.7,2570
2.3.1.60,2571
2.7.4.6,2572
5.1.3.29,2573
1.1.1.31,2574
1.14.13.167,2575
1.1.1.392,2576
1.1.1.257,2577
5.1.3.24,2578
5.4.2.-,2579
3.4.22.34,2580
2.7.1.167,2581
4.4.1.21,2582
1.14.14.19,2583
2.4.1.34,2584
1.1.1.58,2585
1.2.1.77,2586
1.2.1.67,2587
2.7.7.19,2588
1.14.13.48,2589
5.4.3.5,2590
1.3.99.1,2591
6.1.1.20,2592
1.7.2.6,2593
5.1.1.8,2594
1.2.1.11,2595
1.16.3.1,2596
4.1.2.49,2597
2.1.1.163,2598
6.3.5.1,2599
4.1.1.15,2600
2.2.1.10,2601
2.7.2.2,2602
4.2.1.82,2603
2.5.1.84,2604
4.1.1.39,2605
3.5.3.26,2606
1.1.1.136,2607
2.3.2.26,2608
2.3.3.9,2609
1.4.1.9,2610
6.3.2.1,2611
1.3.1.10,2612
1.14.13.21,2613
2.7.1.157,2614
6.2.1.3,2615
3.6.3.44,2616
2.4.1.109,2617
2.7.8.39,2618
3.6.3.30,2619
3.2.-.-,2620
3.2.1.86,2621
2.1.1.201,2622
1.14.13.84,2623
2.7.1.23,2624
2.7.4.14,2625
1.13.11.29,2626
2.1.1.246,2627
6.4.1.3,2628
2.8.3.23,2629
1.1.1.270,2630
1.1.1.308,2631
3.5.3.13,2632
1.8.4.8,2633
2.8.1.10,2634
1.14.13.107,2635
3.4.11.4,2636
2.7.8.29,2637
1.14.11.32,2638
2.1.1.49,2639
3.5.1.44,2640
6.2.1.-,2641
1.8.3.1,2642
3.4.11.5,2643
3.4.23.40,2644
3.5.1.83,2645
5.1.3.3,2646
6.3.2.12,2647
1.17.99.6,2648
1.1.1.144,2649
3.6.5.5,2650
3.1.3.15,2651
3.4.13.23,2652
2.8.1.7,2653
1.1.1.120,2654
3.1.1.61,2655
3.1.3.3,2656
2.7.7.1,2657
2.7.1.150,2658
3.13.1.-,2659
2.1.1.224,2660
1.11.1.1,2661
7.1.2.1,2662
4.6.1.21,2663
4.4.-.-,2664
1.1.99.33,2665
6.3.3.1,2666
3.1.11.5,2667
2.3.3.13,2668
1.1.1.399,2669
2.4.1.310,2670
1.2.99.2,2671
1.14.99.28,2672
2.5.1.-,2673
2.8.2.-,2674
1.3.7.5,2675
2.1.1.77,2676
1.14.19.20,2677
2.7.7.81,2678
2.3.1.190,2679
2.5.1.62,2680
3.3.2.8,2681
1.14.14.126,2682
1.13.11.6,2683
1.13.99.1,2684
3.4.11.1,2685
1.1.1.307,2686
1.11.1.21,2687
3.6.3.41,2688
5.1.3.21,2689
2.7.12.1,2690
2.7.1.108,2691
2.4.2.11,2692
3.4.21.105,2693
2.1.1.10,2694
2.7.7.2,2695
4.1.1.55,2696
2.3.1.48,2697
3.5.1.104,2698
1.8.1.15,2699
2.7.4.1,2700
1.1.1.320,2701
2.7.11.10,2702
1.14.16.1,2703
2.7.11.22,2704
4.1.2.48,2705
1.1.1.408,2706
2.3.1.155,2707
1.1.1.20,2708
1.1.1.157,2709
2.1.1.254,2710
3.4.-.-,2711
2.7.1.56,2712
2.4.1.292,2713
2.1.1.265,2714
3.1.1.57,2715
1.3.8.8,2716
2.4.1.17,2717
3.1.1.31,2718
3.1.21.2,2719
1.4.1.21,2720
5.4.1.2,2721
2.4.1.305,2722
1.8.7.1,2723
2.1.1.71,2724
4.2.1.20,2725
2.7.9.2,2726
1.12.-.-,2727
3.2.1.84,2728
2.7.4.26,2729
3.1.3.9,2730
3.5.1.29,2731
1.5.3.14,2732
2.1.1.223,2733
2.8.4.2,2734
4.1.99.19,2735
1.2.1.51,2736
3.1.3.36,2737
2.4.1.255,2738
3.1.3.56,2739
3.5.1.9,2740
2.7.7.14,2741
2.6.1.29,2742
5.1.1.3,2743
3.5.1.28,2744
4.3.2.-,2745
2.1.1.9,2746
1.3.8.1,2747
1.1.1.377,2748
1.1.99.3,2749
1.3.3.3,2750
4.2.1.32,2751
2.1.1.225,2752
1.2.1.59,2753
2.3.1.199,2754
1.3.99.8,2755
1.8.2.1,2756
4.2.99.-,2757
5.3.2.6,2758
4.2.1.120,2759
5.1.1.23,2760
1.5.5.2,2761
1.2.1.70,2762
7.6.2.5,2763
3.5.1.32,2764
2.7.1.134,2765
1.14.17.4,2766
1.1.1.343,2767
3.5.4.35,2768
5.4.99.25,2769
2.7.1.69,2770
1.14.13.131,2771
3.5.1.2,2772
5.3.3.10,2773
3.1.21.5,2774
2.4.1.82,2775
2.8.5.2,2776
1.1.1.284,2777
3.9.1.-,2778
1.2.1.80,2779
4.3.2.7,2780
1.14.11.53,2781
1.7.99.7,2782
4.2.1.36,2783
1.1.1.17,2784
2.4.99.20,2785
2.1.1.14,2786
1.19.1.1,2787
6.5.1.-,2788
1.21.1.1,2789
1.10.3.11,2790
2.4.99.12,2791
6.2.1.45,2792
3.5.1.100,2793
3.4.23.3,2794
2.4.2.9,2795
1.3.1.24,2796
1.21.4.2,2797
2.1.1.298,2798
3.5.1.26,2799
4.99.1.12,2800
3.6.1.15,2801
3.4.22.40,2802
1.13.11.79,2803
1.1.1.317,2804
3.5.1.106,2805
3.5.1.108,2806
1.17.4.4,2807
3.1.2.26,2808
1.4.1.3,2809
3.5.4.-,2810
1.1.1.-,2811
3.2.2.-,2812
2.1.1.176,2813
2.4.1.281,2814
1.16.1.7,2815
3.4.17.22,2816
4.2.1.134,2817
3.6.1.16,2818
6.3.4.6,2819
3.8.1.3,2820
2.3.1.115,2821
2.7.1.89,2822
1.1.1.372,2823
2.4.2.30,2824
2.7.3.2,2825
1.2.1.71,2826
4.2.1.118,2827
6.3.2.4,2828
1.1.1.306,2829
4.6.1.15,2830
2.7.2.8,2831
1.2.1.83,2832
1.8.4.12,2833
1.8.1.14,2834
3.1.13.5,2835
1.13.11.60,2836
1.11.1.18,2837
2.4.1.183,2838
3.1.6.-,2839
1.14.99.60,2840
1.1.1.41,2841
1.1.1.51,2842
1.12.99.-,2843
2.6.1.21,2844
2.4.2.64,2845
1.14.19.8,2846
7.6.2.2,2847
1.5.1.38,2848
1.2.1.60,2849
1.1.1.391,2850
4.1.1.87,2851
2.7.1.161,2852
2.7.7.56,2853
2.1.1.334,2854
1.2.4.4,2855
1.1.99.24,2856
6.1.1.1,2857
4.2.1.11,2858
1.17.-.-,2859
4.1.3.16,2860
2.3.1.269,2861
2.3.1.28,2862
4.1.3.34,2863
3.2.1.172,2864
1.1.98.-,2865
3.4.21.84,2866
3.1.4.54,2867
4.4.1.23,2868
3.4.23.36,2869
2.4.1.56,2870
4.1.1.73,2871
2.1.1.132,2872
1.13.12.2,2873
2.3.1.257,2874
2.8.3.8,2875
4.2.1.80,2876
1.1.99.21,2877
3.2.1.158,2878
4.2.1.30,2879
4.1.99.11,2880
3.2.1.50,2881
4.2.1.130,2882
1.2.1.10,2883
2.1.1.5,2884
3.1.3.90,2885
3.5.2.14,2886
3.5.1.5,2887
1.14.13.7,2888
2.4.1.87,2889
4.1.1.95,2890
2.7.1.31,2891
1.6.3.1,2892
1.14.13.59,2893
2.1.1.282,2894
1.1.1.125,2895
3.4.15.5,2896
3.4.23.24,2897
1.3.1.28,2898
7.-.-.-,2899
3.4.13.21,2900
1.1.1.390,2901
4.3.1.7,2902
1.3.1.85,2903
2.7.11.18,2904
1.14.19.3,2905
1.1.1.95,2906
1.1.1.86,2907
1.2.1.13,2908
1.21.4.4,2909
1.14.13.81,2910
7.1.2.2,2911
1.13.11.3,2912
2.1.1.245,2913
1.1.1.275,2914
3.5.1.11,2915
3.4.23.5,2916
2.4.1.13,2917
6.3.4.18,2918
4.1.2.43,2919
3.5.4.40,2920
2.1.1.11,2921
3.4.21.86,2922
6.3.1.13,2923
3.2.1.24,2924
2.5.1.58,2925
5.3.-.-,2926
1.1.1.101,2927
2.3.1.43,2928
2.4.1.161,2929
2.7.1.73,2930
5.5.1.27,2931
5.4.2.6,2932
2.7.7.60,2933
1.8.1.2,2934
6.3.2.19,2935
6.4.1.1,2936
4.2.1.90,2937
5.1.1.-,2938
1.1.1.202,2939
2.7.1.190,2940
3.6.4.11,2941
3.2.1.99,2942
4.2.1.9,2943
4.2.1.42,2944
3.1.6.6,2945
6.3.4.5,2946
5.3.3.4,2947
1.1.9.1,2948
1.2.1.36,2949
1.13.11.-,2950
1.14.13.50,2951
3.5.2.-,2952
1.1.1.282,2953
3.5.4.13,2954
2.4.99.15,2955
3.4.21.43,2956
3.1.3.37,2957
2.6.1.7,2958
3.1.3.79,2959
2.3.1.42,2960
1.3.7.8,2961
1.14.14.1,2962
4.1.1.86,2963
1.14.19.2,2964
6.3.5.4,2965
2.4.1.143,2966
3.2.1.132,2967
7.3.2.1,2968
2.4.1.250,2969
2.4.99.18,2970
1.8.99.2,2971
2.8.3.16,2972
3.5.4.30,2973
2.7.1.8,2974
2.1.1.364,2975
1.3.99.21,2976
2.1.1.86,2977
1.2.7.4,2978
1.14.13.39,2979
1.7.3.4,2980
1.8.5.1,2981
3.5.1.78,2982
5.5.1.8,2983
1.14.14.12,2984
1.14.14.86,2985
2.3.1.50,2986
4.1.1.43,2987
4.2.1.8,2988
2.7.1.169,2989
4.1.3.1,2990
2.4.1.60,2991
2.5.1.3,2992
1.1.1.107,2993
1.1.1.10,2994
1.8.4.10,2995
2.1.1.346,2996
3.1.4.2,2997
3.1.3.1,2998
1.1.99.28,2999
4.1.2.27,3000
2.3.1.282,3001
1.1.1.145,3002
1.14.11.67,3003
6.3.2.29,3004
1.1.1.370,3005
3.2.1.80,3006
3.4.24.80,3007
2.7.11.13,3008
4.3.1.1,3009
3.6.1.23,3010
2.7.7.-,3011
2.3.1.194,3012
1.11.1.24,3013
6.2.1.1,3014
4.1.3.44,3015
2.7.8.15,3016
2.1.1.222,3017
4.1.3.4,3018
1.20.4.3,3019
3.4.17.21,3020
2.1.3.15,3021
2.3.1.243,3022
5.4.99.1,3023
1.1.1.87,3024
2.1.1.156,3025
2.7.1.19,3026
2.4.2.57,3027
1.3.3.6,3028
2.6.1.22,3029
2.4.2.47,3030
1.8.2.2,3031
1.3.3.5,3032
4.1.2.4,3033
1.10.3.2,3034
1.3.1.95,3035
1.14.11.8,3036
1.5.1.39,3037
3.4.21.63,3038
1.97.1.12,3039
3.1.3.104,3040
1.1.1.405,3041
3.1.11.-,3042
2.1.1.12,3043
2.7.1.197,3044
6.3.-.-,3045
1.3.99.24,3046
1.3.3.-,3047
3.2.2.15,3048
2.6.1.52,3049
6.3.4.22,3050
1.4.1.11,3051
1.14.13.208,3052
2.4.2.22,3053
2.7.11.1,3054
1.5.99.12,3055
5.1.99.5,3056
3.1.3.58,3057
2.4.2.48,3058
2.3.1.4,3059
1.14.15.17,3060
2.1.2.3,3061
2.7.7.49,3062
1.8.7.2,3063
3.1.3.106,3064
2.4.1.230,3065
2.4.1.241,3066
4.1.1.36,3067
2.7.7.106,3068
2.3.1.24,3069
1.13.12.16,3070
2.7.1.60,3071
6.3.4.15,3072
4.3.1.32,3073
3.6.3.1,3074
3.1.22.4,3075
1.14.11.n2,3076
3.4.11.23,3077
3.4.21.26,3078
2.7.1.162,3079
1.3.1.2,3080
4.2.3.-,3081
1.14.19.18,3082
3.4.11.21,3083
2.3.1.196,3084
3.4.19.11,3085
3.1.1.89,3086
2.4.1.58,3087
3.2.2.22,3088
4.3.2.9,3089
3.7.1.14,3090
2.7.7.75,3091
1.1.1.203,3092
2.1.1.166,3093
1.1.1.36,3094
3.4.25.1,3095
1.14.14.47,3096
2.1.1.n8,3097
3.4.13.20,3098
6.3.5.7,3099
2.6.1.62,3100
2.3.2.5,3101
1.5.8.3,3102
1.13.11.1,3103
3.5.3.22,3104
2.8.2.22,3105
4.2.1.96,3106
2.5.1.61,3107
3.5.1.18,3108
2.1.1.362,3109
1.1.99.29,3110
1.11.1.5,3111
3.1.21.7,3112
2.1.1.269,3113
2.3.2.27,3114
1.97.-.-,3115
5.3.1.13,3116
2.4.1.115,3117
1.4.99.1,3118
4.1.1.65,3119
4.2.1.108,3120
2.2.1.5,3121
4.2.1.33,3122
4.1.1.85,3123
3.1.1.23,3124
3.1.26.8,3125
1.1.1.19,3126
6.1.1.19,3127
5.99.1.3,3128
2.6.1.51,3129
1.1.1.330,3130
2.7.1.20,3131
5.3.99.-,3132
3.6.3.33,3133
2.1.1.171,3134
5.6.2.2,3135
2.7.4.21,3136
3.11.1.2,3137
1.14.13.178,3138
1.14.99.48,3139
1.2.1.73,3140
1.6.2.2,3141
2.1.1.258,3142
5.3.99.11,3143
4.3.1.15,3144
6.3.2.2,3145
4.1.1.17,3146
4.1.2.20,3147
2.1.1.216,3148
1.14.13.149,3149
2.7.1.194,3150
4.1.1.35,3151
3.1.26.12,3152
1.11.1.8,3153
5.1.99.7,3154
3.6.3.48,3155
1.13.11.72,3156
3.1.3.7,3157
2.4.1.117,3158
3.8.1.5,3159
1.1.1.6,3160
3.8.1.2,3161
2.7.1.36,3162
4.1.99.14,3163
2.4.99.17,3164
3.4.11.14,3165
3.8.1.-,3166
3.1.1.53,3167
3.1.4.35,3168
2.7.1.58,3169
3.6.3.32,3170
3.1.25.-,3171
1.14.15.6,3172
3.1.4.53,3173
4.1.1.-,3174
2.7.7.41,3175
3.3.1.1,3176
1.14.13.121,3177
1.13.-.-,3178
3.1.21.-,3179
3.1.3.69,3180
3.2.1.8,3181
4.2.1.147,3182
3.1.1.93,3183
2.5.1.48,3184
2.8.4.1,3185
1.1.1.166,3186
7.6.2.8,3187
3.4.24.56,3188
1.14.18.3,3189
2.3.1.22,3190
1.10.3.-,3191
2.7.3.3,3192
1.3.1.75,3193
3.5.3.12,3194
3.1.2.2,3195
1.14.13.180,3196
3.6.3.4,3197
6.2.1.36,3198
2.4.1.329,3199
1.1.1.380,3200
2.7.1.51,3201
2.7.2.15,3202
6.3.2.32,3203
2.8.4.4,3204
4.3.99.4,3205
3.6.1.73,3206
5.4.3.6,3207
2.5.1.105,3208
2.3.2.17,3209
6.3.2.47,3210
3.1.3.67,3211
3.2.1.139,3212
2.7.4.31,3213
6.3.2.31,3214
1.4.3.-,3215
3.4.13.22,3216
2.9.1.2,3217
3.5.1.132,3218
2.7.1.3,3219
5.3.3.5,3220
2.7.1.22,3221
1.3.5.4,3222
2.3.1.111,3223
1.3.1.86,3224
3.6.1.7,3225
3.2.1.196,3226
3.1.1.27,3227
3.1.11.1,3228
1.3.1.101,3229
2.4.1.244,3230
2.1.1.41,3231
3.2.1.91,3232
1.4.-.-,3233
1.8.-.-,3234
3.5.99.2,3235
1.3.1.104,3236
1.18.1.-,3237
2.3.3.15,3238
3.6.1.19,3239
1.6.2.4,3240
4.3.1.19,3241
1.21.98.4,3242
5.5.1.1,3243
2.3.1.133,3244
1.14.19.6,3245
2.1.1.188,3246
1.3.1.43,3247
1.3.99.32,3248
2.8.2.24,3249
1.1.1.192,3250
4.1.3.25,3251
1.4.2.-,3252
3.2.1.184,3253
1.3.1.108,3254
4.2.1.144,3255
2.7.8.35,3256
2.5.1.108,3257
1.14.19.17,3258
3.7.1.-,3259
3.5.1.87,3260
2.7.11.32,3261
3.4.21.89,3262
2.7.1.137,3263
1.4.3.10,3264
3.4.14.11,3265
1.14.20.6,3266
4.2.3.114,3267
2.3.1.61,3268
4.2.1.25,3269
2.4.1.288,3270
2.4.1.257,3271
1.14.11.18,3272
2.7.7.22,3273
1.3.99.29,3274
2.4.1.261,3275
2.6.1.59,3276
1.1.1.62,3277
2.4.1.256,3278
3.6.3.21,3279
2.6.1.111,3280
1.14.18.2,3281
2.7.4.22,3282
3.5.4.11,3283
2.1.1.178,3284
4.4.1.1,3285
4.1.2.53,3286
2.7.1.158,3287
2.4.1.265,3288
3.2.1.22,3289
2.7.1.5,3290
5.3.1.26,3291
2.3.1.88,3292
4.2.1.7,3293
5.3.1.35,3294
2.3.1.177,3295
2.1.3.12,3296
4.2.1.12,3297
1.1.3.38,3298
5.6.2.1,3299
3.2.1.96,3300
1.14.13.141,3301
1.13.12.19,3302
2.3.1.37,3303
2.1.1.211,3304
1.1.1.82,3305
3.5.1.n3,3306
1.8.98.1,3307
3.4.22.1,3308
2.4.1.83,3309
2.4.1.122,3310
4.2.1.136,3311
1.14.-.-,3312
2.7.1.32,3313
2.4.1.319,3314
1.18.1.7,3315
3.4.24.13,3316
3.2.1.187,3317
2.7.1.76,3318
1.14.15.30,3319
3.5.2.2,3320
5.1.3.1,3321
4.1.1.76,3322
3.1.3.10,3323
3.6.3.24,3324
3.4.21.110,3325
5.3.2.8,3326
1.2.1.106,3327
1.1.1.40,3328
2.1.1.140,3329
2.1.1.257,3330
2.1.1.207,3331
1.8.99.3,3332
1.21.98.1,3333
4.4.1.17,3334
3.5.1.130,3335
3.1.3.89,3336
2.1.1.248,3337
1.14.13.87,3338
6.4.1.-,3339
2.3.1.222,3340
3.5.4.3,3341
2.4.1.291,3342
2.4.1.101,3343
1.8.3.2,3344
4.1.3.6,3345
1.4.1.4,3346
6.2.1.n2,3347
6.2.1.16,3348
1.8.4.-,3349
3.4.24.70,3350
2.4.1.198,3351
6.3.2.8,3352
4.4.1.19,3353
2.4.99.14,3354
1.1.5.12,3355
3.4.22.70,3356
2.4.1.258,3357
2.3.1.39,3358
2.1.1.80,3359
2.4.1.280,3360
2.4.2.31,3361
1.14.11.21,3362
3.6.1.62,3363
3.1.1.24,3364
4.2.2.n1,3365
3.4.24.71,3366
4.1.1.79,3367
2.5.1.87,3368
3.5.1.91,3369
1.1.3.21,3370
2.7.1.48,3371
2.6.1.9,3372
2.6.1.16,3373
5.1.3.4,3374
1.3.1.1,3375
3.1.3.24,3376
5.3.1.-,3377
1.1.1.268,3378
2.4.99.1,3379
1.14.15.15,3380
4.2.1.66,3381
3.5.4.12,3382
2.7.7.37,3383
1.2.1.52,3384
2.7.2.4,3385
2.6.1.1,3386
5.1.1.21,3387
1.1.3.-,3388
6.2.-.-,3389
1.1.1.14,3390
3.1.4.16,3391
2.7.11.23,3392
7.6.2.11,3393
3.4.24.40,3394
1.1.1.204,3395
1.11.2.1,3396
1.21.98.-,3397
2.7.2.3,3398
3.6.5.-,3399
4.2.1.115,3400
1.7.1.7,3401
3.1.4.38,3402
1.6.99.5,3403
4.1.1.31,3404
2.6.1.90,3405
1.1.3.4,3406
2.4.2.1,3407
1.1.1.83,3408
2.7.6.5,3409
2.1.1.79,3410
1.14.19.1,3411
2.5.1.18,3412
4.1.2.25,3413
2.3.1.35,3414
3.4.24.15,3415
2.7.7.84,3416
3.5.4.27,3417
5.4.99.62,3418
1.3.1.39,3419
5.1.99.1,3420
3.1.2.23,3421
6.3.2.11,3422
3.6.1.41,3423
1.2.1.8,3424
3.1.1.47,3425
1.6.5.5,3426
3.1.22.1,3427
4.3.2.5,3428
2.3.1.201,3429
2.5.1.141,3430
3.5.1.115,3431
3.5.4.28,3432
1.1.1.8,3433
4.6.1.16,3434
4.2.1.114,3435
1.2.1.32,3436
1.1.1.361,3437
3.4.24.39,3438
1.1.98.3,3439
1.14.14.175,3440
3.1.1.79,3441
3.4.11.24,3442
3.4.22.48,3443
1.14.19.9,3444
2.1.1.62,3445
1.4.1.-,3446
4.3.3.2,3447
3.6.3.46,3448
1.13.11.53,3449
3.5.1.118,3450
4.2.99.18,3451
3.5.1.6,3452
2.3.1.180,3453
1.13.11.8,3454
2.4.1.10,3455
3.1.16.1,3456
2.1.1.90,3457
2.7.7.73,3458
1.2.1.44,3459
3.5.99.6,3460
